Currency1,Currency2,Correlation,Cointegration,Criticals
IOTAUSDT,ZENUSDT,0.8326120490502192,-4.588880533315033,-3.9267806789638935
THETAUSDT,ALICEUSDT,0.8512074395269607,-4.112651074039515,-3.9267806789638935
ENJUSDT,WAXPUSDT,0.8452613163435316,-5.504860595497594,-3.9267806789638935
IOTXUSDT,ALICEUSDT,0.8433274274647284,-4.080353495868562,-3.9267806789638935
IOTXUSDT,TLMUSDT,0.8366202006155539,-4.805823146677538,-3.9267806789638935
STMXUSDT,WAXPUSDT,0.8385988811583536,-5.6645556692481955,-3.9267806789638935
COMPUSDT,AAVEUSDT,0.8334133300958474,-4.104110276819987,-3.9267806789638935
MANAUSDT,SANDUSDT,0.891424791487773,-4.17053668181288,-3.9267806789638935
RUNEUSDT,UNIUSDT,0.8439373384921457,-4.929653110892724,-3.9267806789638935
