Currency1,Currency2,Correlation,Cointegration,Criticals
THETAUSDT,STORJUSDT,0.8547218517375725,-4.556304995764659,-4.010486025915723
ENJUSDT,ALICEUSDT,0.838620309900582,-4.097209624020079,-4.010486025915723
ALGOUSDT,REEFUSDT,0.847750164157759,-5.327957353786981,-4.010486025915723
RVNUSDT,OGNUSDT,0.8308116125865734,-4.197580318689404,-4.010486025915723
VITEUSDT,FIOUSDT,0.8339822194210865,-5.233817105435142,-4.010486025915723
MBLUSDT,STMXUSDT,0.8954615872391969,-4.466524177608732,-4.010486025915723
ARDRUSDT,PUNDIXUSDT,0.8356611138950852,-4.202474095300682,-4.010486025915723
ARDRUSDT,POWRUSDT,0.8645916087184823,-4.082319636763933,-4.010486025915723
POWRUSDT,STEEMUSDT,0.8561075268956426,-4.06627637474817,-4.010486025915723
