,n_trades,won,win_rate,roi,sharperatio,drawdown,currency1,currency2,ratio
0,18,10,55.56,9.49,0.51,2.02,MANAUSDT,SANDUSDT,0.8654201008734163
0,38,27,71.05,44.64,7.42,0.65,THETAUSDT,ALICEUSDT,0.6203238414293691
0,46,27,58.7,89.4,1.12,7.03,ENJUSDT,WAXPUSDT,5.520958083832335
0,15,9,60.0,-5.91,-0.95,5.74,RUNEUSDT,UNIUSDT,0.27568881685575364
0,24,16,66.67,34.21,2.85,3.8,IOTXUSDT,ALICEUSDT,0.015929648241206032
0,136,70,51.47,70.75,1.44,8.44,STMXUSDT,WAXPUSDT,0.08281437125748503
0,32,19,59.38,0.1,-0.02,7.04,IOTXUSDT,TLMUSDT,1.2513157894736842
0,51,33,64.71,-2.43,0.33,15.7,COMPUSDT,AAVEUSDT,0.625436408977556
0,33,16,48.48,1.68,0.04,20.29,IOTAUSDT,ZENUSDT,0.01903417533432392
